Line_item,Average,Assumed,sd
Revenue,0.1,0.1,0.15
Expense,0.807881281,0.8,0.12
RND,0,0,1
SGNA,0,0,1
InterestExpense,0.0211666,0.02,0.04
OtherIncome,0.003684053,0.003684053,1
CWC,-0.049861787,0,1
CAPEX,0.097560439,0.1,0.13
DEP,0.054841342,0.054841342,0.08
IncomeTax,0.197822616,0.2,0.23
